IP,Exponent,Modulus,Length
185.45.96.117,65537,3v5xe2yj1zAiABXiIUimN49HbnkNflmrv8E+QCoycZklShNcY9K/u1B379X7ZKcRA38L/2KCUWB0hb0vmW8wFRbkktqfKjHl0e1dfcn4QWFv4QFxZOTAg1Q8e7EX9VN/cTls1BQ4kzY5BdjYxcTviyYMQMpLfB6GiD6p6eUEi/FhFzY0P9zZqTM3q5BkoiZGRamiokrEooX9RXxv0ikVNYQgFTGn6BwpfcUqOSbkmm/LLsRzmQllraKxIO6dQ5n7tIP8qw/3DG69CeEoD0ahHwo99PJFvalRi3vQ3srvxMl5aXh1064PsYSu2E2tOcxG7T7mcY/quK9S1Jb8+Eorfza7k3MS1USviUcFnmf8P7biTdF0aJRMr2gZeCFxlqmAKtxggCgLcnmYNax6XXXRszXATWSW4bhZInCgsaJEEdL++GYsnhIk11e3hDut5fLR52eEfeBxYyXuZkNOnxCG17QXW/9wAQiy3NWmjS9nA15YKY5v6jcmMdKGK7TNDWIlvWsDsw4wjlPMIviSNfWix9ZMUvpPbrhb6E/XwEcp+nmb703tGWamvURJCgBBZrRiNavIHv4zR/HqIQp7tZAXff9aQozsBLVo5WVOoIsqOEMVS+Ojrv1dYHMKoyvcJInORU0fm16/jBbO8rhklmoJ+g3zVIRcgN7EvAV6lQg9LOk=,4096
173.194.248.44,65537,vxmt8qTu8H58qSk7eCxVgRZrVRDAO2D8FhOZvabryljrOwB01tA0TA9LcAAVXBUFo/1Wwtw9l8H5qzeqmeGN7bKJLHdmCvxNa7LBuZbayMtZs7Whkr8LNeJg8ej44KOcxao9OGRjpQChwMJzI4fvO78u21wzBpMNZvjO1mmboSCth/5yQ26XQaww5yuk4pKQUQ8CEGbzcfCuh4TRaa1AYRKZzD7Au1cHaD6+Es8gK0ZfdsCK+YNp2e54IXXYpmmt7S1hOWgIFZjbNHwjJzL+TRmH74LO9MQpxSQ4jNkorH4gaYLkwxdMpkFaB6rPj8pg6kIj7r1ey8N1Or8u5f3STQ==,2048
107.183.140.142,65537,vu1qNAXLEi/YHr02QckUlil9XVonZz8GxiObliK2CICdx5NwHlzsUuXmLHUPS8nsq1FCMfDFOWODiRs8tF7xrtYrhHc3snmlMCfmCmY8N3YmzSkT2xkdGWrwcUOFp/6bKcsSUF2kd+owQA2aOMf+Vc6CuKUQuskxsdBVMF2oWv6E2QWnaNz1+4pUUGIsFJV+824D5uEeNHn3UbGh5Wqk5Dcul18PUsTqvDmrA8dcsHqvRtHoTzVTPTxirRKDNYtww0VI3wCkqjzIbnl6R3OzmNZZsNGWjR7S0OgkU2F5qhWzaaMgSjXmkRWR5onNkfR4TXy3tp2XK6D4LqARYyEswQ==,2048
74.50.111.59,65537,uRxTmZbusKufDoJwfDdNrgoeFOI1C4e2fmiFbeYOiIL0FfD3KkDbBtOKQ4bRC6wIvlPJWDdVCyxqzUktX0ejGNN7ftFqSqX3hWVO2t9NIqvQNN16jTSgdt6B1IpBVQFAgAHXdj5yOhcpNxAdADkBYqF21ok4od6378H1w30K0TMGpvelYt2Nib/Jwq6FiM+EDXtX01rcTCX7KCW/O+4tiyQY0Qi4zaSGXR14YJmqkrKd7VcF/LMxLf2OmxmaZokDvGJXaJGEJovprk6SJX9BqYSgxEEVjD61yJB1ywuJj3vYpfnrUwuMpTUYrvky46H7OztjEKPZGuric0v99B6S6w==,2048
104.104.148.74,65537,oWuS6vqMeScxfHMvMLz0gVO9pC5iaRJf3Kt4EcC4z/KD216OipjlG+tHTCecUo+aEyJgPcWUpENFsgBMCE4WH71nUFNxVJwyva6Tk3DAQcdbE5oCtG76WqT0bqmEqwtwPJdOZPljpgTRK74dZywYzmEvsUNDIxI/GstrnZqgOJ5nTvgmkdCkx/8MvnuaY8Jbi0XPBQtvzIcR7xSbrYpjSDsuXHENIpuLaqkaIEPHhZn3PHmgTY/y2GXSMSsWWF0r+zgR9N6iaUeuAzcbfU9Ye/oSXdJu9+vuuhxvjLTZs0lhzjh5mRC0Rg0Tl0YNVcSe9sHOkAmSRINfo5/Ayy0p2Q==,2048
206.189.185.207,65537,tQUg+O6ftRIj8AitqjD3lL+zyk7MxCX8Ip5L9W/1KEVkDm524YZ2cnaGvlld7pWcEA10ETk8iTgv1mpQpfFhGJtgNTY9NH/lHUZZRg9Y7hJmX64qCrTZW5FsyClyLH2T8BUQyBJt2Vbb8JT5ddCHMgqxl2roNjhJP/9+PEBd//jPfdca1EeOsE9aOCaBKgKDbm7mHGpwKuSQAN//j7M70DEUdyiwCfM7gyPMcPduuWlaAr6IQnf8wHOywz/bS+IjvwVQK53PlADSib/7I5oFgRPe0V6FGNu4kM1jMFDMqVbyYGuI1dhwrjasyfru+XwfHRd3+NEJZnDBFPKI8TxgpfN8VL99KOBEBywgzjKzfvg2qG+bTDebVVmous7bBUoYuSUtCPdM1hHzx/J4xWgQ7NIY+jyd127y6ZJFCYitRL/8OHjCIg6SJZ1PIE35xjS9zgRUfNcjnLZvV3iIQMkScPLP7vEGh4uu/0jvmmSmipjcre3+1A5jGb/aoNzUHJIJODOhz1VweKyiAZthSKnZTNSl6n2dALptyqiDrEFevhHYTLiXbK90hCqXfWAaH1ASick8HWVQqmXtPJeBIBodRtomFsa1LgBDPTJPUeD4/ivln8XDVehp2eEWVoyHbGxOdawn+BAAFpCmB+DEJSjEnbWmkjtckBn4s1uuAcLCti8=,4096
52.67.27.100,65537,rKXLZ/yfJ8zX0NDhsc8Hsn/VvhPT60K7VHY7U1S4A2PbXaBX52dYzVrVoelb5LK4tOuXmIy/nb6YGH62NdWR+8nSY8m4pIr9j/pnBSclozWuHg/t36ZZ+58NdyeDM1Mdil7ztAk2bF9I4KhmYRhEukdKoyCMqtnlO8S8n4MO9C3XphFMqydqqB8qISCVgHhyPD8deWlXq6hzKZ07+RsWAJQyTHlgMin/kT79WNRgcnJLAOULEW9QXRKRSmBUvb5YiRr4jvN+ugyPDgZ7/GeD+cV9SKWlTT3z3shhmNxA2bIGVoFsABilMtdrU3gJLOvyUJgttzUXK36br21bJwklHQ==,2048
46.101.154.74,65537,3XerZU6RFS03HrfFkx4nW8Yb07+G5Q1R9GiawOhkc8C/skp7Xwfvx3ZdCI0uvMrn+rBrJkL77GD4klP52zaL6tv4ioeyFsAv2Ugxnq9FMaPOgHcFkKe6cTFJY8qAbsD2bRY+VYLEuJzqlp4P8AksSDRVhondQhzwU0e/3T1wQcVs544nLioab8CfK6n3TfJ3uQk4YPhWKFGjHbC6Osl7kJ8vzog3vS24ivM/PSWsHR8xn3bkoS7kAVQiHa9UfEOVPIQHlDTGmulDIYLzmZ56BW7qbc/qxYA3u8FWWmwUDk8T9e0kNVDjIN9s+g+citjvvBU0Ya/y7BmpCXCH5Fg0Qw==,2048
109.226.41.124,65537,03/D3iUgz6xdb6sFcebjcbBT9hF94eYTeBRK3tT6t+WTjJhCkKaozVFk0BFFrTAH07955wZtGnyfj6Q2PhJsf+3pz2id4UqjbmidkFk7g9IryDhsvJYoRB4HjEl0rfjL442dVYeV4eKzhJDvWngSdVmt0iJERlB3lhb2lXekcAopFsS6PYk2gyl1hxEGS/7eJ3ZnjaqrZtNYCAh+brxwWeI78T6TRlhGcklIUtT2virHaxuOCXaKuF04cPaZMYpv1nQ15rbigKo2utEo+M/StXWrKgpAY/Kr0t/mQvq1JJT91lMnW9gsNv/6gjBkC8A1qsPOSV1ZOwkDv63/bZ1puQ==,2048
52.247.210.139,65537,u2RoT4IE5Qs+4q2A97xKFQHFvWzkZx0JaVVQ383qk5wT9uCTBOD1vJs8B/zOyGUAizaWbtqhjYTIA3aGIu93d3SrKmGeh3TLwyqGTJ5+fzBVGNYBMwbNxUJAlrxuCvO+ZdSPTL5/MUcb3xkZ6XTDqfDP6KvN0SL3vdZ2yJMY9eTOxWDI3TJ/ZY60woB//ni+3Z5P91mSIDGJCpumX0gL14A/v2IVhMGkC+MT2igf1otM5TU9ClqbefSZBrPFKj4eXt08qMQFdqEdQ29CC3KjoHLJk5wVUgy3v+fZ+iYx9fPZPeMFXh5N/xL4ZKuRuI/JZF6Op6xJgEW9CqYY6rWVjkgxR3pHGL1lCMmk13WZ9NV7xBHPtz3lL6vMAMgtSVwO6DUkdgW53adxmvucMqCMFEkf/QLwFZUvDsidnZGmB4Sq6qQQivlsaWHkKstTnGKC9H7orX2gG0LsmbJTT0BFAMdkSwafgiE8X3ic5IvgG+lhDAFDkbWpZ+0r/PZ7r2yWTL1qc9TLS/NFCFrqFMs1EWE8GVL+uuYrwN/3K8kBkMcykys75dJpPRCU6eTiH/uGShzDehQGp+EStKp2wUz9rYeVk28UJlo6vVMf3U9IoreyQJdkPb6idWN9yYMa98EzaVBmO2hxPFnYcQpkHTBxGNbLp5/H/h3Fcp5yQTJ/gNE=,4096
