Exponent,Modulus,Length
65537,wiCsyDoeyxrkDKID/kBQjosSVyHDrHEBBYjG8ezp7A2ccgMWalLALYhgzE99xRPGawxBj3+c4ExIzBmAWKZEp0R1po2h+muIRMS754VqTBDXp/OX1LXKT8mwLXgZDKuTfOLiUgUdWMzYZVmThT/le55GHfIFZP9icNa2gul+eC+KMjFCMve6F1NeiYsWHVWEZDqWQ27tJ0UYRPJ4JmYyuyUvzxztRn8eTp08guZ+FPOi88DheqMaXHusLOFykOVwuYKuWrOjLJXvzBZiSOjfqO6SsUlN/NMb14pJ2G3gIBBJzgOUk3f1lZMArKBGXDgIRsOe++tuOgFmOqesCwbsEw==,2048
65537,vqYhj16ZT6ysBLpG7ZssxNmrcLQn6jii+6LbTIsyPimQXtSB/ExA3ufsh6Hp9bNBdZyTfuwvc2zWt3Kvf0e2KO6419IjMN8K1gxlqd/b3edaUXI0F6ZcnaiqhCFSIm98R3CZWJcYIGzYMQlW666i0tTm3EmMu/eIc8BxmQppLGdHkZp884rQPN0dRcz2/Rm2wWbY2zY6zD8Brhz2vwMPPFyFNtwPDuMn6O+FDgZoq5oGoAuc5I+J14Us9ZIMLfnPDFJZedMxK7pFjo5uc2XN2/7tOxeOZ6AQD8F+u358inmCDnVZbov5JVxYCdB3QnKMd2tgLjb8TaizyK8eiKI7Vw==,2048
65537,xvMy1c7souf64HakmEHKRkTCHGBgYQ1aQhLZCrUYJz8N0NHDm7neYBLAWPtNUVVHmdy99YgiNEis9x6iAscPJDfwz/aJza+6F+vD3TNGQG/e2ndDyh+kO4rUVucM0uNT/DFzpBRjf9GnB0ELiCSWFicysKjMM1RgNq5EQCWhV96WEakDZCfaupFJ4t6hGSU+JyATHSXSdqDir3k1tAB063Bu6NPgJ6Ku7hpTpixsoJ4Moo3D/X08CxouwZNWdCFYHj/+tzPcYUmPtYoZnng5mrPyHNeHRe8Qi3VP9zCPSKv4oqKcgVv62dHATgCJ03ZYEYqyA8v6voHXOeUUofSSUw==,2048
65537,1CLHF4XkSUlU3njrDIG6+L4AKkNxXPLmVY47LWGyJqsnHpVYHlhXMaFFCCeJNKHR/zNeaLFE6bzwR6tcAosAEcVzhzLMWBBIgPraXF3fPTAqFyNksRuCw6VWrY7umCEauVKf/OlMArQvLyNYE1kBLjHLPq7CHXp8DP1WE92NXDFxkGvN0I0A68JOkabhDeeevjOrOwS583Hmmfcaah+c6zQYLt1VMqW/YEL28UK4M5S86dcUeHTa57wXIOFTLl+iTREtDNHT5ENPKx4ZLXPi+NLx2i5FBV+yybRdQ0f47ope6ijTfEUR5QXeaLn++bKeh1jLjPycgKaRSnUk3SLU2w==,2048
65537,1Mp9NBQ45mzZoQbwOAeRjmhvhFsTL8lmQ7MPh3F20a/p2eibY7rHma+dYotE1Klvs9XPcGmC7RCH/vYlP25zczk5y2vgTvZ0cEjmZcvsnOJWVn293H2rFa6bHHJPwpT1OiwULyFTXSbECku1AFkNpu/BKdSdrN1PlgpybkYGrpUuUjuIve/lYvmBc5pchRRPZrZGgkzGrLBLj+WleY2BkrMso6/LdY5bmCQDr7hj+8It4WVgQan0HJMh8xqe5uNOH//RrWVhxHoep/tbPZHjoSYQ6u4ucwa7mW88DQ7ewB312P1sufQE3j47sb1zzlJvstCY1A5FazWBR163jYp8EQ==,2048
65537,x/mlEz+0WvmLYqcLVoHBbnsDMry0iKVqSVd14W9/8IuXxFh28V41lvUUoCXBffYR+PwKwa65c0qou51NRg9M0hEc9D4haiH84al+TwlbX2wFMnCwnfcuUupBQtIb7Ots++8i4M+d9dvDPYObwtwx66E0aJXJHpGpd7W/vl6eeRE7lN0pOfH26lYQVKH9vMvvJNnrRmp9GP1viR01Poktv+azniIhbDpE8d84stk+6QMJBQ3p5MLFxWLTQqgvG6yGJBfzEdqRIFBb/l8l7JHJIWUX7WnXsjhmBNFLVcS7vwssWQvxv0Ab3BwSZvMZ7XwRCi/8H+dVccakvnq3fafJ0Q==,2048
65537,x+7kmhrLPg9NeDflbZRZcQijW9QJ+JXSOnQ7QX7ERC83GL51Rpjo+GBzvpI7xGEji8iqfuFWXWqbz1F4U3MewpwVzPrNME0Pi4KUi6Md12478WnMf3+bBwnMRwqSzxDEQ3B6M0C79cXqAIxI96nRfyCurpFoLvKedAMy6wDu8nSG+uktrPgHOebYEkWvJaHZ+h4JZYqeIKsPVZEmzk1DlwS4XYGbuoSSbP2kZvb6jEceoJZ8lEX/NSQcoxo0i7b7fH2SGV8Uvg7s6VqFrxpvQMwL1iQswgoh/Fy5S2KV+gZhNnPnKzAnJ1PhO8q/2DQAx3T0ZQ47ZgRtHrfikTDKjQ==,2048
65537,z5hz8T0Kn6mQxvgg9W+kUHGu9KtvT77Sr7BPb/PDoOy9LAzd9NXwN73hAEl9nHCst06wPzMTMLjj1EjM42wtaoBRUsvPJtW8As25+B7Wd/zNRSezNtTmtf7JeZVYPJ5924PHeAdUfbYwd3psILbKOaPuGJmTI6JICsFeMZfnX9sCIsOSC7f/p+4+XvohyhXZyagyZ5BenJdRc97dEoVquWwMG4aiSEDsjgyWYZNnUqPI85qIZmhuD1owl79dlBXZ04yM3jwxd85Gq5h4ECDVip/QMzx21jtmNPuzEebaFrwhLtOK2a38DDeJWOPvkGRgf1zun/0/y6WitAtUv+qi2Sa+JA9wGajsU0fIxG+KZ1vqXujhqGDCUeMD/Yv7v8BRKhusZVYyf1xoJfx5PLZg4wgs4nW0qd8ypOg5zsc4no0IJVPj18qKpc5EedIf+b+hlWy8bPoU4Q+mUQR/w94EjS+yKnGHCZFie7eQ9VfdXqrGsuaCMNSZ0/2EO0Omo5g8vgXe4GTjS2eKTnSbgXN7nAyOiB0lG3v1Vd3nslj5csmEH+uJUUVQmkiC7+fu6AO7N01Rru9lOqE8K+wT8vl5FgNAhqJO6jYZ5mqfih+t2tKPZwL0XCMPireqE9ZRZoRuDycldHPyglHZ/AiRN11Ux/ty7GKNSGeTpL1bc2Sum/8=,4096
65537,u1oLiE01KYdQ/CD7xuz9V0xse2jtKSdPLPmJ83pBKOJ8z5LmGsXsJBUL2uCLvFyeo8E36OCfnyKKkM5CMqUZqpSbWF/+kC+EHqa2pVT7ofeodvtvoRvP7KXH9V+uiL1fj/ywEx1DaJo83xsvQ/H9VSDtMdctEq4N86pXXmBK/W04xx+RxvJTH9Kva2mcSwcJWQV0nPbhj1Wj0edtUgw/Fk2hEapwjoroz1vxJQOikrblJMz8Shy32u8s/M8eIXEow0qDJdIJ2KA6VINse459pcB8YsWnFzVg69/LUKrCxweftfILrdVyFvSYou8BwB+/6PjOza1BL61S/To9AbCIdhqccW8iq8pOo5yicRyK90nt5o0NovgTKG4BnUvNNnmNNPY0Xvn4tBoXUly9q+kxkKBGXCEQJYzmeEBTZlgCiX6WfqjG20w1uMqH2i1G8bOu6FdlubweDg4s4ygFntZD0y/QwoaVM3YHQoFvG26LyBhV+YD4wP1vkscb9Uk7u1iYy6GSFxkYcme3d/C/tvDm8x0jTnI9gaJTU0u1D/Xe52fVMqWOPDuGzZxpCmtwSBN+VPpiN8CAp0MpEvHm7xP9i2yR4vKtazWsQj5nrDQOhWX7PhKgjuaxbPkDvAhbbkJUwKv7WWcNCn5pqmc3lTDoqWDmDEIq2VFNgLr38FDF4kM=,4096
65537,ve6tOSy3jPw+AhfGjxEtVE9ftVM3kjmHzT6tZUeh/gO5ySrjEdQxuc8zy/Xlq7apUPr0SmpXyKfryTbya3f9BJO7KIAaiWDXx2zW601r4bp4tvt3QS3yFUMcT9TDx/sPLjUBs2Ax/57ag91wo7hrGhTax2dJ1kdrRMpdvjAlcpl8Rw++ipcvEctGWdB3qOPhlwGVGRJqrisJ7uuzkmNTuRjDvMhA2VKG5iqRgawxqMI5eSAhQ/zzG7iYGqZ0ZNu+diR9o38bgFOHf0b5Cxk9D6zBKxossTIwOQrOQ65VO/9nkKFKvvFkCcH8IkBpnhJ81i7vfchNFu5D77T0wWi87Q==,2048
